<?xml version="1.0"?>
<GameData>
	<LightData>
		<MainLight>
			<PositionX>6.000000</PositionX>
			<PositionY>278.000000</PositionY>
			<PositionZ>-8.000000</PositionZ>
			<ConstAtten>4.420890</ConstAtten>
			<LinearAtten>0.001324</LinearAtten>
			<QuadraticAtten>0.000001</QuadraticAtten>
			<SpotInnerAngle>0.000000</SpotInnerAngle>
			<SpotOuterAngle>0.000000</SpotOuterAngle>
		</MainLight>
		<CornerLight1>
			<PositionX>-93.000000</PositionX>
			<PositionY>200.000000</PositionY>
			<PositionZ>94.000000</PositionZ>
			<ConstAtten>1.753921</ConstAtten>
			<LinearAtten>0.003517</LinearAtten>
			<QuadraticAtten>0.000001</QuadraticAtten>
			<SpotInnerAngle>0.000000</SpotInnerAngle>
			<SpotOuterAngle>0.000000</SpotOuterAngle>
		</CornerLight1>
		<CornerLight2>
			<PositionX>93.000000</PositionX>
			<PositionY>185.000000</PositionY>
			<PositionZ>-98.000000</PositionZ>
			<ConstAtten>1.842467</ConstAtten>
			<LinearAtten>0.003968</LinearAtten>
			<QuadraticAtten>0.000001</QuadraticAtten>
			<SpotInnerAngle>0.000000</SpotInnerAngle>
			<SpotOuterAngle>0.000000</SpotOuterAngle>
		</CornerLight2>
		<CornerLight3>
			<PositionX>96.000000</PositionX>
			<PositionY>164.000000</PositionY>
			<PositionZ>94.000000</PositionZ>
			<ConstAtten>2.553757</ConstAtten>
			<LinearAtten>0.016843</LinearAtten>
			<QuadraticAtten>0.000001</QuadraticAtten>
			<SpotInnerAngle>0.000000</SpotInnerAngle>
			<SpotOuterAngle>0.000000</SpotOuterAngle>
		</CornerLight3>
    <CornerLight4>
      <PositionX>-93.000000</PositionX>
      <PositionY>125.000000</PositionY>
      <PositionZ>-98.000000</PositionZ>
      <ConstAtten>1.352758</ConstAtten>
      <LinearAtten>0.003968</LinearAtten>
      <QuadraticAtten>0.000001</QuadraticAtten>
      <SpotInnerAngle>0.000000</SpotInnerAngle>
      <SpotOuterAngle>0.000000</SpotOuterAngle>
    </CornerLight4>
	</LightData>
	<RampData>
		<Ramp>
      <ObjectType>mesh</ObjectType>
      <MeshName>ramp</MeshName>
      <MeshFriendlyName>ramp</MeshFriendlyName>
			<PositionX>-96.000000</PositionX>
			<PositionY>102.000000</PositionY>
			<PositionZ>-30.000000</PositionZ>
			<RotationX>1.570000</RotationX>
			<RotationY>0.000000</RotationY>
			<RotationZ>0.000000</RotationZ>
      <Scale>1.0</Scale>
      <ObjectColourR>0.5</ObjectColourR>
      <ObjectColourG>0.5</ObjectColourG>
      <ObjectColourB>1.0</ObjectColourB>
      <InverseMass>0.0</InverseMass>
      <IsVisible>1</IsVisible>
      <IsWireFrame>0</IsWireFrame>
		</Ramp>
		<Ramp>
      <ObjectType>mesh</ObjectType>
      <MeshName>ramp</MeshName>
      <MeshFriendlyName>ramp</MeshFriendlyName>
			<PositionX>-97.000000</PositionX>
			<PositionY>102.000000</PositionY>
			<PositionZ>83.000000</PositionZ>
			<RotationX>1.200000</RotationX>
			<RotationY>0.000000</RotationY>
			<RotationZ>0.000000</RotationZ>
      <Scale>1.0</Scale>
      <ObjectColourR>0.5</ObjectColourR>
      <ObjectColourG>0.5</ObjectColourG>
      <ObjectColourB>1.0</ObjectColourB>
      <InverseMass>0.0</InverseMass>
      <IsVisible>1</IsVisible>
      <IsWireFrame>0</IsWireFrame>
		</Ramp>
		<Ramp>
      <ObjectType>mesh</ObjectType>
      <MeshName>ramp</MeshName>
      <MeshFriendlyName>ramp</MeshFriendlyName>
			<PositionX>-8.000000</PositionX>
			<PositionY>104.000000</PositionY>
			<PositionZ>1.000000</PositionZ>
			<RotationX>1.570000</RotationX>
			<RotationY>0.000000</RotationY>
			<RotationZ>0.000000</RotationZ>
      <Scale>1.0</Scale>
      <ObjectColourR>0.5</ObjectColourR>
      <ObjectColourG>0.5</ObjectColourG>
      <ObjectColourB>1.0</ObjectColourB>
      <InverseMass>0.0</InverseMass>
      <IsVisible>1</IsVisible>
      <IsWireFrame>0</IsWireFrame>
		</Ramp>
		<Ramp>
      <ObjectType>mesh</ObjectType>
      <MeshName>ramp</MeshName>
      <MeshFriendlyName>ramp</MeshFriendlyName>
			<PositionX>-8.000000</PositionX>
			<PositionY>102.000000</PositionY>
			<PositionZ>-10.000000</PositionZ>
			<RotationX>1.200000</RotationX>
			<RotationY>0.000000</RotationY>
			<RotationZ>0.000000</RotationZ>
      <Scale>1.0</Scale>
      <ObjectColourR>0.5</ObjectColourR>
      <ObjectColourG>0.5</ObjectColourG>
      <ObjectColourB>1.0</ObjectColourB>
      <InverseMass>0.0</InverseMass>
      <IsVisible>1</IsVisible>
      <IsWireFrame>0</IsWireFrame>
		</Ramp>
		<Ramp>
      <ObjectType>mesh</ObjectType>
      <MeshName>ramp</MeshName>
      <MeshFriendlyName>ramp</MeshFriendlyName>
			<PositionX>-88.000000</PositionX>
			<PositionY>102.000000</PositionY>
			<PositionZ>-29.000000</PositionZ>
			<RotationX>1.570000</RotationX>
			<RotationY>0.000000</RotationY>
			<RotationZ>-0.400000</RotationZ>
      <Scale>1.0</Scale>
      <ObjectColourR>0.5</ObjectColourR>
      <ObjectColourG>0.5</ObjectColourG>
      <ObjectColourB>1.0</ObjectColourB>
      <InverseMass>0.0</InverseMass>
      <IsVisible>1</IsVisible>
      <IsWireFrame>0</IsWireFrame>
		</Ramp>
		<Ramp>
      <ObjectType>mesh</ObjectType>
      <MeshName>ramp</MeshName>
      <MeshFriendlyName>ramp</MeshFriendlyName>
			<PositionX>39.000000</PositionX>
			<PositionY>104.000000</PositionY>
			<PositionZ>31.000000</PositionZ>
			<RotationX>1.570000</RotationX>
			<RotationY>0.000000</RotationY>
			<RotationZ>0.000000</RotationZ>
      <Scale>1.0</Scale>
      <ObjectColourR>0.5</ObjectColourR>
      <ObjectColourG>0.5</ObjectColourG>
      <ObjectColourB>1.0</ObjectColourB>
      <InverseMass>0.0</InverseMass>
      <IsVisible>1</IsVisible>
      <IsWireFrame>0</IsWireFrame>
		</Ramp>
		<Ramp>
      <ObjectType>mesh</ObjectType>
      <MeshName>ramp</MeshName>
      <MeshFriendlyName>ramp</MeshFriendlyName>
			<PositionX>-51.000000</PositionX>
			<PositionY>104.000000</PositionY>
			<PositionZ>95.000000</PositionZ>
			<RotationX>1.570000</RotationX>
			<RotationY>0.000000</RotationY>
			<RotationZ>0.000000</RotationZ>
      <Scale>1.0</Scale>
      <ObjectColourR>0.5</ObjectColourR>
      <ObjectColourG>0.5</ObjectColourG>
      <ObjectColourB>1.0</ObjectColourB>
      <InverseMass>0.0</InverseMass>
      <IsVisible>1</IsVisible>
      <IsWireFrame>0</IsWireFrame>
		</Ramp>
		<Ramp>
      <ObjectType>mesh</ObjectType>
      <MeshName>ramp</MeshName>
      <MeshFriendlyName>ramp</MeshFriendlyName>
			<PositionX>48.000000</PositionX>
			<PositionY>102.000000</PositionY>
			<PositionZ>32.000000</PositionZ>
			<RotationX>1.570000</RotationX>
			<RotationY>0.000000</RotationY>
			<RotationZ>-0.400000</RotationZ>
      <Scale>1.0</Scale>
      <ObjectColourR>0.5</ObjectColourR>
      <ObjectColourG>0.5</ObjectColourG>
      <ObjectColourB>1.0</ObjectColourB>
      <InverseMass>0.0</InverseMass>
      <IsVisible>1</IsVisible>
      <IsWireFrame>0</IsWireFrame>
		</Ramp>
		<Ramp>
      <ObjectType>mesh</ObjectType>
      <MeshName>ramp</MeshName>
      <MeshFriendlyName>ramp</MeshFriendlyName>
			<PositionX>-50.000000</PositionX>
			<PositionY>102.000000</PositionY>
			<PositionZ>83.000000</PositionZ>
			<RotationX>1.200000</RotationX>
			<RotationY>0.000000</RotationY>
			<RotationZ>0.000000</RotationZ>
      <Scale>1.0</Scale>
      <ObjectColourR>0.5</ObjectColourR>
      <ObjectColourG>0.5</ObjectColourG>
      <ObjectColourB>1.0</ObjectColourB>
      <InverseMass>0.0</InverseMass>
      <IsVisible>1</IsVisible>
      <IsWireFrame>0</IsWireFrame>
		</Ramp>
		<Ramp>
      <ObjectType>mesh</ObjectType>
      <MeshName>ramp</MeshName>
      <MeshFriendlyName>ramp</MeshFriendlyName>
			<PositionX>-48.000000</PositionX>
			<PositionY>104.000000</PositionY>
			<PositionZ>6.000000</PositionZ>
			<RotationX>1.570000</RotationX>
			<RotationY>0.000000</RotationY>
			<RotationZ>0.000000</RotationZ>
      <Scale>1.0</Scale>
      <ObjectColourR>0.5</ObjectColourR>
      <ObjectColourG>0.5</ObjectColourG>
      <ObjectColourB>1.0</ObjectColourB>
      <InverseMass>0.0</InverseMass>
      <IsVisible>1</IsVisible>
      <IsWireFrame>0</IsWireFrame>
		</Ramp>
		<Ramp>
      <ObjectType>mesh</ObjectType>
      <MeshName>ramp</MeshName>
      <MeshFriendlyName>ramp</MeshFriendlyName>
			<PositionX>-9.000000</PositionX>
			<PositionY>104.000000</PositionY>
			<PositionZ>95.000000</PositionZ>
			<RotationX>1.570000</RotationX>
			<RotationY>0.000000</RotationY>
			<RotationZ>0.000000</RotationZ>
      <Scale>1.0</Scale>
      <ObjectColourR>0.5</ObjectColourR>
      <ObjectColourG>0.5</ObjectColourG>
      <ObjectColourB>1.0</ObjectColourB>
      <InverseMass>0.0</InverseMass>
      <IsVisible>1</IsVisible>
      <IsWireFrame>0</IsWireFrame>
		</Ramp>
		<Ramp>
      <ObjectType>mesh</ObjectType>
      <MeshName>ramp</MeshName>
      <MeshFriendlyName>ramp</MeshFriendlyName>
			<PositionX>-48.000000</PositionX>
			<PositionY>102.000000</PositionY>
			<PositionZ>16.000000</PositionZ>
			<RotationX>2.000000</RotationX>
			<RotationY>0.000000</RotationY>
			<RotationZ>0.000000</RotationZ>
      <Scale>1.0</Scale>
      <ObjectColourR>0.5</ObjectColourR>
      <ObjectColourG>0.5</ObjectColourG>
      <ObjectColourB>1.0</ObjectColourB>
      <InverseMass>0.0</InverseMass>
      <IsVisible>1</IsVisible>
      <IsWireFrame>0</IsWireFrame>
		</Ramp>
		<Ramp>
      <ObjectType>mesh</ObjectType>
      <MeshName>ramp</MeshName>
      <MeshFriendlyName>ramp</MeshFriendlyName>
			<PositionX>-9.000000</PositionX>
			<PositionY>102.000000</PositionY>
			<PositionZ>83.000000</PositionZ>
			<RotationX>1.200000</RotationX>
			<RotationY>0.000000</RotationY>
			<RotationZ>0.000000</RotationZ>
      <Scale>1.0</Scale>
      <ObjectColourR>0.5</ObjectColourR>
      <ObjectColourG>0.5</ObjectColourG>
      <ObjectColourB>1.0</ObjectColourB>
      <InverseMass>0.0</InverseMass>
      <IsVisible>1</IsVisible>
      <IsWireFrame>0</IsWireFrame>
		</Ramp>
		<Ramp>
      <ObjectType>mesh</ObjectType>
      <MeshName>ramp</MeshName>
      <MeshFriendlyName>ramp</MeshFriendlyName>
			<PositionX>24.000000</PositionX>
			<PositionY>104.000000</PositionY>
			<PositionZ>27.000000</PositionZ>
			<RotationX>1.570000</RotationX>
			<RotationY>0.000000</RotationY>
			<RotationZ>0.000000</RotationZ>
      <Scale>1.0</Scale>
      <ObjectColourR>0.5</ObjectColourR>
      <ObjectColourG>0.5</ObjectColourG>
      <ObjectColourB>1.0</ObjectColourB>
      <InverseMass>0.0</InverseMass>
      <IsVisible>1</IsVisible>
      <IsWireFrame>0</IsWireFrame>
		</Ramp>
		<Ramp>
      <ObjectType>mesh</ObjectType>
      <MeshName>ramp</MeshName>
      <MeshFriendlyName>ramp</MeshFriendlyName>
			<PositionX>-96.000000</PositionX>
			<PositionY>102.000000</PositionY>
			<PositionZ>21.000000</PositionZ>
			<RotationX>1.570000</RotationX>
			<RotationY>0.000000</RotationY>
			<RotationZ>0.000000</RotationZ>
      <Scale>1.0</Scale>
      <ObjectColourR>0.5</ObjectColourR>
      <ObjectColourG>0.5</ObjectColourG>
      <ObjectColourB>1.0</ObjectColourB>
      <InverseMass>0.0</InverseMass>
      <IsVisible>1</IsVisible>
      <IsWireFrame>0</IsWireFrame>
		</Ramp>
		<Ramp>
      <ObjectType>mesh</ObjectType>
      <MeshName>ramp</MeshName>
      <MeshFriendlyName>ramp</MeshFriendlyName>
			<PositionX>15.000000</PositionX>
			<PositionY>102.000000</PositionY>
			<PositionZ>28.000000</PositionZ>
			<RotationX>1.570000</RotationX>
			<RotationY>0.000000</RotationY>
			<RotationZ>0.400000</RotationZ>
      <Scale>1.0</Scale>
      <ObjectColourR>0.5</ObjectColourR>
      <ObjectColourG>0.5</ObjectColourG>
      <ObjectColourB>1.0</ObjectColourB>
      <InverseMass>0.0</InverseMass>
      <IsVisible>1</IsVisible>
      <IsWireFrame>0</IsWireFrame>
		</Ramp>
		<Ramp>
      <ObjectType>mesh</ObjectType>
      <MeshName>ramp</MeshName>
      <MeshFriendlyName>ramp</MeshFriendlyName>
			<PositionX>-88.000000</PositionX>
			<PositionY>102.000000</PositionY>
			<PositionZ>21.000000</PositionZ>
			<RotationX>1.570000</RotationX>
			<RotationY>0.000000</RotationY>
			<RotationZ>-0.400000</RotationZ>
      <Scale>1.0</Scale>
      <ObjectColourR>0.5</ObjectColourR>
      <ObjectColourG>0.5</ObjectColourG>
      <ObjectColourB>1.0</ObjectColourB>
      <InverseMass>0.0</InverseMass>
      <IsVisible>1</IsVisible>
      <IsWireFrame>0</IsWireFrame>
		</Ramp>
		<Ramp>
      <ObjectType>mesh</ObjectType>
      <MeshName>ramp</MeshName>
      <MeshFriendlyName>ramp</MeshFriendlyName>
			<PositionX>-22.000000</PositionX>
			<PositionY>104.000000</PositionY>
			<PositionZ>95.000000</PositionZ>
			<RotationX>1.570000</RotationX>
			<RotationY>0.000000</RotationY>
			<RotationZ>0.000000</RotationZ>
      <Scale>1.0</Scale>
      <ObjectColourR>0.5</ObjectColourR>
      <ObjectColourG>0.5</ObjectColourG>
      <ObjectColourB>1.0</ObjectColourB>
      <InverseMass>0.0</InverseMass>
      <IsVisible>1</IsVisible>
      <IsWireFrame>0</IsWireFrame>
		</Ramp>
		<Ramp>
      <ObjectType>mesh</ObjectType>
      <MeshName>ramp</MeshName>
      <MeshFriendlyName>ramp</MeshFriendlyName>
			<PositionX>96.000000</PositionX>
			<PositionY>102.000000</PositionY>
			<PositionZ>66.000000</PositionZ>
			<RotationX>1.570000</RotationX>
			<RotationY>0.000000</RotationY>
			<RotationZ>0.000000</RotationZ>
      <Scale>1.0</Scale>
      <ObjectColourR>0.5</ObjectColourR>
      <ObjectColourG>0.5</ObjectColourG>
      <ObjectColourB>1.0</ObjectColourB>
      <InverseMass>0.0</InverseMass>
      <IsVisible>1</IsVisible>
      <IsWireFrame>0</IsWireFrame>
		</Ramp>
		<Ramp>
      <ObjectType>mesh</ObjectType>
      <MeshName>ramp</MeshName>
      <MeshFriendlyName>ramp</MeshFriendlyName>
			<PositionX>-22.000000</PositionX>
			<PositionY>102.000000</PositionY>
			<PositionZ>85.000000</PositionZ>
			<RotationX>1.200000</RotationX>
			<RotationY>0.000000</RotationY>
			<RotationZ>0.000000</RotationZ>
      <Scale>1.0</Scale>
      <ObjectColourR>0.5</ObjectColourR>
      <ObjectColourG>0.5</ObjectColourG>
      <ObjectColourB>1.0</ObjectColourB>
      <InverseMass>0.0</InverseMass>
      <IsVisible>1</IsVisible>
      <IsWireFrame>0</IsWireFrame>
		</Ramp>
		<Ramp>
      <ObjectType>mesh</ObjectType>
      <MeshName>ramp</MeshName>
      <MeshFriendlyName>ramp</MeshFriendlyName>
			<PositionX>89.000000</PositionX>
			<PositionY>102.000000</PositionY>
			<PositionZ>66.000000</PositionZ>
			<RotationX>1.570000</RotationX>
			<RotationY>0.000000</RotationY>
			<RotationZ>0.400000</RotationZ>
      <Scale>1.0</Scale>
      <ObjectColourR>0.5</ObjectColourR>
      <ObjectColourG>0.5</ObjectColourG>
      <ObjectColourB>1.0</ObjectColourB>
      <InverseMass>0.0</InverseMass>
      <IsVisible>1</IsVisible>
      <IsWireFrame>0</IsWireFrame>
		</Ramp>
		<Ramp>
      <ObjectType>mesh</ObjectType>
      <MeshName>ramp</MeshName>
      <MeshFriendlyName>ramp</MeshFriendlyName>
			<PositionX>-96.000000</PositionX>
			<PositionY>104.000000</PositionY>
			<PositionZ>95.000000</PositionZ>
			<RotationX>1.570000</RotationX>
			<RotationY>0.000000</RotationY>
			<RotationZ>0.000000</RotationZ>
      <Scale>1.0</Scale>
      <ObjectColourR>0.5</ObjectColourR>
      <ObjectColourG>0.5</ObjectColourG>
      <ObjectColourB>1.0</ObjectColourB>
      <InverseMass>0.0</InverseMass>
      <IsVisible>1</IsVisible>
      <IsWireFrame>0</IsWireFrame>
		</Ramp>
	</RampData>
	<BallData>
		<Ball>
      <ObjectType>sphere</ObjectType>
      <MeshName>sphere</MeshName>
      <MeshFriendlyName>sphere</MeshFriendlyName>
			<PositionX>-8.000000</PositionX>
			<PositionY>118.000000</PositionY>
			<PositionZ>1.000000</PositionZ>
      <Scale>1.0</Scale>
      <ObjectColourR>0.8</ObjectColourR>
      <ObjectColourG>0.8</ObjectColourG>
      <ObjectColourB>0.8</ObjectColourB>
      <SphereRadius>1.0</SphereRadius>
      <InverseMass>1.0</InverseMass>
      <IsVisible>1</IsVisible>
      <IsWireFrame>0</IsWireFrame>
		</Ball>
		<Ball>
      <ObjectType>sphere</ObjectType>
      <MeshName>sphere</MeshName>
      <MeshFriendlyName>sphere</MeshFriendlyName>
			<PositionX>-48.000000</PositionX>
			<PositionY>114.000000</PositionY>
			<PositionZ>6.000000</PositionZ>
      <Scale>1.0</Scale>
      <ObjectColourR>0.8</ObjectColourR>
      <ObjectColourG>0.8</ObjectColourG>
      <ObjectColourB>0.8</ObjectColourB>
      <SphereRadius>1.0</SphereRadius>
      <InverseMass>1.0</InverseMass>
      <IsVisible>1</IsVisible>
      <IsWireFrame>0</IsWireFrame>
		</Ball>
		<Ball>
      <ObjectType>sphere</ObjectType>
      <MeshName>sphere</MeshName>
      <MeshFriendlyName>sphere</MeshFriendlyName>
			<PositionX>-9.000000</PositionX>
			<PositionY>114.000000</PositionY>
			<PositionZ>95.000000</PositionZ>
      <Scale>1.0</Scale>
      <ObjectColourR>0.8</ObjectColourR>
      <ObjectColourG>0.8</ObjectColourG>
      <ObjectColourB>0.8</ObjectColourB>
      <SphereRadius>1.0</SphereRadius>
      <InverseMass>1.0</InverseMass>
      <IsVisible>1</IsVisible>
      <IsWireFrame>0</IsWireFrame>
		</Ball>
		<Ball>
      <ObjectType>sphere</ObjectType>
      <MeshName>sphere</MeshName>
      <MeshFriendlyName>sphere</MeshFriendlyName>
			<PositionX>24.000000</PositionX>
			<PositionY>114.000000</PositionY>
			<PositionZ>27.000000</PositionZ>
      <Scale>1.0</Scale>
      <ObjectColourR>0.8</ObjectColourR>
      <ObjectColourG>0.8</ObjectColourG>
      <ObjectColourB>0.8</ObjectColourB>
      <SphereRadius>1.0</SphereRadius>
      <InverseMass>1.0</InverseMass>
      <IsVisible>1</IsVisible>
      <IsWireFrame>0</IsWireFrame>
		</Ball>
		<Ball>
      <ObjectType>sphere</ObjectType>
      <MeshName>sphere</MeshName>
      <MeshFriendlyName>sphere</MeshFriendlyName>
			<PositionX>-96.000000</PositionX>
			<PositionY>112.000000</PositionY>
			<PositionZ>21.000000</PositionZ>
      <Scale>1.0</Scale>
      <ObjectColourR>0.8</ObjectColourR>
      <ObjectColourG>0.8</ObjectColourG>
      <ObjectColourB>0.8</ObjectColourB>
      <SphereRadius>1.0</SphereRadius>
      <InverseMass>1.0</InverseMass>
      <IsVisible>1</IsVisible>
      <IsWireFrame>0</IsWireFrame>
		</Ball>
		<Ball>
      <ObjectType>sphere</ObjectType>
      <MeshName>sphere</MeshName>
      <MeshFriendlyName>sphere</MeshFriendlyName>
      <PositionX>-51.000000</PositionX>
      <PositionY>114.000000</PositionY>
      <PositionZ>95.000000</PositionZ>
      <Scale>1.0</Scale>
      <ObjectColourR>0.8</ObjectColourR>
      <ObjectColourG>0.8</ObjectColourG>
      <ObjectColourB>0.8</ObjectColourB>
      <SphereRadius>1.0</SphereRadius>
      <InverseMass>1.0</InverseMass>
      <IsVisible>1</IsVisible>
      <IsWireFrame>0</IsWireFrame>
		</Ball>
		<Ball>
      <ObjectType>sphere</ObjectType>
      <MeshName>sphere</MeshName>
      <MeshFriendlyName>sphere</MeshFriendlyName>
      <PositionX>39.000000</PositionX>
      <PositionY>114.000000</PositionY>
      <PositionZ>31.000000</PositionZ>
      <Scale>1.0</Scale>
      <ObjectColourR>0.8</ObjectColourR>
      <ObjectColourG>0.8</ObjectColourG>
      <ObjectColourB>0.8</ObjectColourB>
      <SphereRadius>1.0</SphereRadius>
      <InverseMass>1.0</InverseMass>
      <IsVisible>1</IsVisible>
      <IsWireFrame>0</IsWireFrame>
		</Ball>
		<Ball>
      <ObjectType>sphere</ObjectType>
      <MeshName>sphere</MeshName>
      <MeshFriendlyName>sphere</MeshFriendlyName>
			<PositionX>-22.000000</PositionX>
			<PositionY>114.000000</PositionY>
			<PositionZ>95.000000</PositionZ>
      <Scale>1.0</Scale>
      <ObjectColourR>0.8</ObjectColourR>
      <ObjectColourG>0.8</ObjectColourG>
      <ObjectColourB>0.8</ObjectColourB>
      <SphereRadius>1.0</SphereRadius>
      <InverseMass>1.0</InverseMass>
      <IsVisible>1</IsVisible>
      <IsWireFrame>0</IsWireFrame>
		</Ball>
		<Ball>
      <ObjectType>sphere</ObjectType>
      <MeshName>sphere</MeshName>
      <MeshFriendlyName>sphere</MeshFriendlyName>
			<PositionX>96.000000</PositionX>
			<PositionY>112.000000</PositionY>
			<PositionZ>66.000000</PositionZ>
      <Scale>1.0</Scale>
      <ObjectColourR>0.8</ObjectColourR>
      <ObjectColourG>0.8</ObjectColourG>
      <ObjectColourB>0.8</ObjectColourB>
      <SphereRadius>1.0</SphereRadius>
      <InverseMass>1.0</InverseMass>
      <IsVisible>1</IsVisible>
      <IsWireFrame>0</IsWireFrame>
		</Ball>
		<Ball>
      <ObjectType>sphere</ObjectType>
      <MeshName>sphere</MeshName>
      <MeshFriendlyName>sphere</MeshFriendlyName>
      <PositionX>-96.000000</PositionX>
      <PositionY>112.000000</PositionY>
      <PositionZ>-30.000000</PositionZ>
      <Scale>1.0</Scale>
      <ObjectColourR>0.8</ObjectColourR>
      <ObjectColourG>0.8</ObjectColourG>
      <ObjectColourB>0.8</ObjectColourB>
      <SphereRadius>1.0</SphereRadius>
      <InverseMass>1.0</InverseMass>
      <IsVisible>1</IsVisible>
      <IsWireFrame>0</IsWireFrame>
		</Ball>
		<Ball>
      <ObjectType>sphere</ObjectType>
      <MeshName>sphere</MeshName>
      <MeshFriendlyName>sphere</MeshFriendlyName>
			<PositionX>-96.000000</PositionX>
			<PositionY>114.000000</PositionY>
			<PositionZ>95.000000</PositionZ>
      <Scale>1.0</Scale>
      <ObjectColourR>0.8</ObjectColourR>
      <ObjectColourG>0.8</ObjectColourG>
      <ObjectColourB>0.8</ObjectColourB>
      <SphereRadius>1.0</SphereRadius>
      <InverseMass>1.0</InverseMass>
      <IsVisible>1</IsVisible>
      <IsWireFrame>0</IsWireFrame>
		</Ball>
	</BallData>
  <BallLightData>
    <BallLight>
      <PositionX>-8.000000</PositionX>
      <PositionY>128.000000</PositionY>
      <PositionZ>1.000000</PositionZ>
      <ConstAtten>1.000000</ConstAtten>
      <LinearAtten>0.039680</LinearAtten>
      <QuadraticAtten>0.000001</QuadraticAtten>
      <SpotInnerAngle>15.000000</SpotInnerAngle>
      <SpotOuterAngle>30.000000</SpotOuterAngle>
    </BallLight>
    <BallLight>
      <PositionX>-48.000000</PositionX>
      <PositionY>124.000000</PositionY>
      <PositionZ>6.000000</PositionZ>
      <ConstAtten>1.000000</ConstAtten>
      <LinearAtten>0.039680</LinearAtten>
      <QuadraticAtten>0.000001</QuadraticAtten>
      <SpotInnerAngle>15.000000</SpotInnerAngle>
      <SpotOuterAngle>30.000000</SpotOuterAngle>
    </BallLight>
    <BallLight>
      <PositionX>-9.000000</PositionX>
      <PositionY>124.000000</PositionY>
      <PositionZ>95.000000</PositionZ>
      <ConstAtten>1.000000</ConstAtten>
      <LinearAtten>0.039680</LinearAtten>
      <QuadraticAtten>0.000001</QuadraticAtten>
      <SpotInnerAngle>15.000000</SpotInnerAngle>
      <SpotOuterAngle>30.000000</SpotOuterAngle>
    </BallLight>
    <BallLight>
      <PositionX>24.000000</PositionX>
      <PositionY>124.000000</PositionY>
      <PositionZ>27.000000</PositionZ>
      <ConstAtten>1.000000</ConstAtten>
      <LinearAtten>0.039680</LinearAtten>
      <QuadraticAtten>0.000001</QuadraticAtten>
      <SpotInnerAngle>15.000000</SpotInnerAngle>
      <SpotOuterAngle>30.000000</SpotOuterAngle>
    </BallLight>
    <BallLight>
      <PositionX>-96.000000</PositionX>
      <PositionY>122.000000</PositionY>
      <PositionZ>21.000000</PositionZ>
      <ConstAtten>1.000000</ConstAtten>
      <LinearAtten>0.039680</LinearAtten>
      <QuadraticAtten>0.000001</QuadraticAtten>
      <SpotInnerAngle>15.000000</SpotInnerAngle>
      <SpotOuterAngle>30.000000</SpotOuterAngle>
    </BallLight>
    <BallLight>
      <PositionX>-51.000000</PositionX>
      <PositionY>124.000000</PositionY>
      <PositionZ>95.000000</PositionZ>
      <ConstAtten>1.000000</ConstAtten>
      <LinearAtten>0.039680</LinearAtten>
      <QuadraticAtten>0.000001</QuadraticAtten>
      <SpotInnerAngle>15.000000</SpotInnerAngle>
      <SpotOuterAngle>30.000000</SpotOuterAngle>
    </BallLight>
    <BallLight>
      <PositionX>39.000000</PositionX>
      <PositionY>124.000000</PositionY>
      <PositionZ>31.000000</PositionZ>
      <ConstAtten>1.000000</ConstAtten>
      <LinearAtten>0.039680</LinearAtten>
      <QuadraticAtten>0.000001</QuadraticAtten>
      <SpotInnerAngle>15.000000</SpotInnerAngle>
      <SpotOuterAngle>30.000000</SpotOuterAngle>
    </BallLight>
    <BallLight>
      <PositionX>-22.000000</PositionX>
      <PositionY>124.000000</PositionY>
      <PositionZ>95.000000</PositionZ>
      <ConstAtten>1.000000</ConstAtten>
      <LinearAtten>0.039680</LinearAtten>
      <QuadraticAtten>0.000001</QuadraticAtten>
      <SpotInnerAngle>15.000000</SpotInnerAngle>
      <SpotOuterAngle>30.000000</SpotOuterAngle>
    </BallLight>
    <BallLight>
      <PositionX>96.000000</PositionX>
      <PositionY>122.000000</PositionY>
      <PositionZ>66.000000</PositionZ>
      <ConstAtten>1.000000</ConstAtten>
      <LinearAtten>0.039680</LinearAtten>
      <QuadraticAtten>0.000001</QuadraticAtten>
      <SpotInnerAngle>15.000000</SpotInnerAngle>
      <SpotOuterAngle>30.000000</SpotOuterAngle>
    </BallLight>
    <BallLight>
      <PositionX>-96.000000</PositionX>
      <PositionY>122.000000</PositionY>
      <PositionZ>-30.000000</PositionZ>
      <ConstAtten>1.000000</ConstAtten>
      <LinearAtten>0.039680</LinearAtten>
      <QuadraticAtten>0.000001</QuadraticAtten>
      <SpotInnerAngle>15.000000</SpotInnerAngle>
      <SpotOuterAngle>30.000000</SpotOuterAngle>
    </BallLight>
    <BallLight>
      <PositionX>-96.000000</PositionX>
      <PositionY>124.000000</PositionY>
      <PositionZ>95.000000</PositionZ>
      <ConstAtten>1.000000</ConstAtten>
      <LinearAtten>0.039680</LinearAtten>
      <QuadraticAtten>0.000001</QuadraticAtten>
      <SpotInnerAngle>15.000000</SpotInnerAngle>
      <SpotOuterAngle>30.000000</SpotOuterAngle>
    </BallLight>
  </BallLightData>
</GameData>
